Id,Predicted
0,.sOinkRIsiGDhkasthvAnhmhlzWudnathfektDhbilfrAnhmhlRIsrcsignifikhntlI!.
1,.SAmakHAzintRissintelhviZhnAndREdIOstEShnz.enrjIsrvhshzRIlistEtAndvencrkAphthl.
2,.hbRitiSkhmp?UtrbRAnzlyksinkleRAndEkoRnHAvblUmdbhtkWiklIfEdid!piRIhd_.
3,.HIsez.ikhngetkanItisEDhtn?Uzikizhv?UnhvrshlbylhjbyDhRilIez.
4,.?etIvinAtEtIsiksHIizkhnsidrdDhkhntRIzmOstynAmikphlithkhlfig?r_.
5,.bhtDeRpap?hleRhtIgRUpslOI.ikOztRAnzmiShnofhnWhzslhgiSkamh_pRintiGmesI_hndmhSInzkudhn.dhbhlkWOt.tok.dhbhlkWOt.tUIc@hDrifiShntlI!piRIhd!.
6,.DhpIphlspaRtIkadzREtmUvdinthkIphziShnzineRIhzHAvphblikhdminhstREShn!inklUdiGHelT+ejhkEShn!lEbr_foRhnRIlEShnzhndAgROIh!.
7,.sIpRhvyzrztOltidHAtifHIdidntSEvkamh!IWudbItRAnsrtU@hphziShnkamh+AthlOrsAlrIkamh@DhdintivalvphblikkantAkt.piRIhd!.
8,.inhsepRhtinshdhnt.h?UesdistRYrfyrdmhSIngethWniGcatsAtUsmol+hnydenhfydbOtsDhthpROcDhkanvY@.
9,..mIn~Wylkamh@DE?IldDhnmenImInhshphlRevhn?UbandHhzbhnHAvriGrwnEtAndWhnETprsent.piRIhd_.
10,.OnlIhf?UstEtsRikWyr@hnimplYmhntkamphnsEShnfrlaktwtWrkrz.
11,.olsikstInAnhlhsinDhsrvEpRidiktIztRoGgrzrdkWoRtrhDhnDhslhgiS.sekhnkWoRtr.piRIhd_.
12,.AndDEmEbIEbhlukethWEWiThlatmoRhvDIzphblishtImDhnUvrzWiTwtdivin@hpmhc@RIlgRwl+.
13,..WylnatRUliGwtDhtDI?UeskrhnsIkuddiklynOvrtym_mistrlipskIhvsAlhmhn!sezHITiGksDhjuRIizstilwt_.
14,.!DhgWoRdIAHAzOnlIfiftIsevhngEtsbhtAtpIkwrz.dhzhnzhvmoRplAnzmEbIanhgRwnd_.
15,..DhfrmseditdhzhnkamentanitstakRekhvhdEShnzoRrniGzesthmht.
16,.bikhzDhkhnsrvhtivpaRthdkhntROlzDhpaRlhmhnt.DhWinrhvDhtap.paRtIpOstolsObikhmzpRymminhstr@.
17,.maRkitAkShnWhzhsenShlIdyjhstiG!WenzdEzRwjd.
18,.isikstIHyfhndEthsikstIfyvHyfhndEshplydiskhnsidrdkhmtrhbhl.piRIhd!.
19,.pItrefbeRIshksIdzmistrkhniRinWaSiGthnezhvyspRezhdent!.
20,..frmhnTsfIAtshfrdnytsWetsf?UrzAndWEtlos..
21,.shmhtsHAvDeRphlitikhlbenhfitshvkoRs_natlIstDhtDhpRezhdent.damhnEtsDhn?Uz.
22,.mistrkAtShnbrgsedm?UzikhnphbliSiG!oReRIhstiznitWudfrDriksploRWiTDhmhpits!piRIhd.
23,.!injAn?UeRIDIeRhbikspIkiGhmidIsteksprt.mistrmaRtshiROswf+ryvjitEkcaRjhvDhdelhgEShn!.
24,.AzmizkendhlhnmistrlOsIit.swTHAfrkhzsentRhlghvrnmhnt.itzlykhbiglhmbriG.tAGk..
25,.DETiGkstElIthdEizhnIvitbetrbREkhpplEDAninnyntInEtIsiksWindRekshlAnditsklyhntshkIpm?hlEtidDhstakpiRIhd.
26,..IvitlIhbul?hnsanDhfloRhvDhnU?oRkstakikscEnjWhztemprdbyf?UklIbITyor@.
27,.itinvytidRezidhnsthjYYnhkhmitItUeRDhrgRytshgenstDhkhmphnIhnddiskhsshlUShnz.
28,..DhfiShlzhntigOshgalhsedDhplEniknoRdrpeststUlAndAftrintriGHhndrineRII!.
29,.stil_kamh@@DhbukiznatintendinezEkafIHyfhntEbhldisplEpIspiRIhd.
30,.lAstWIk.kamh.DhpRhUvIenghvrmhntoRdrdDhtolsOvrpRhdUstbystEtHyfhnOndmynzmhstbIsOlthDhsentRhlbAGk!pipiRIhd.
31,.DhfilhpIinmilhteRIzDhtitHAdAnkhvrdhplAtmykam?hnhstgrIliztikilRItyRd?UesmEjrjenRhlsiGlab!.
32,.DhfIonDhgREnoRbEsik!kaRd@WhljhmpttUfiftIfyvdalrz.
33,.!shmsWrshsedshm@h@DhlestRhdiShnhlHOldrzhvjenrwl!dh@@@beljIksSeRzkudbItemptidbyDhpRaspekthvkAphthlgEnz.
34,.bhtDhcynIzHyfhnbAktkhmeRRUzizdistRoGghstfoRsinhTRIHyfhnpaRtIRizisthnskOhliShnkamh_hndbAkrzsEitmhstHAvh@ROl.piRIhd.
35,..hndrDhbywtplAnkamh@shntr+intendztUbiginEkAStendrofrfrolhvAlhgEnIzSeRzwtstAndiGbyfRydE.piRIhd.
36,.mistrpOlOolsOHOnzDhfAShnkhmprnI!.
37,.DhRESOsignhlthfyvhvDhmaRkhtsevhnkWoRtrlIdwntrnzinDhnyntInsevhntUthEtIsevhnpiRIhd.piRIhd.
38,.Andbisydzkamh@nAmWhzhloGtymhgO.piRIhd.
39,.HwevrinkRIsiGDhkasthvRIsrcAnhbhlzSitmOthvEtRIsrcrznattUWEsDhmanmiRlIkiRIhsoRRipetitivsthdIz.
40,.penzYlHAzbhnfRediGOvrDhDItElzhvmUviGDhmhnI+evrsid!.
41,..lAstHyfhnmimit.nIdIEShnhtempsfwndrdOvrDIiSUzhvpwrHyfhnSeRiG_AndpIsHyfhnmanhksriG.piRIhd.
42,.bhtlukhlithlfrDr_dASDeRaRWEzrwnHyriGfRIzizpiRIhd!.
43,.mIntymmoRdipaRcrzlUmenIfiRzDhtDIaprtUnhtIizhpiRIhd.
44,.HIvAl?UUzDhpEplynAsetsAt.TRIbil?hndalrz+semhkOlhn_DhSip.dildiGaprEShnzh.tUbil?hndalrz.semikOlhn.AndDIothmOthv?UnhtAtmoRDhnWhnbil?hndalrz.piRIhd_.
45,.nUmrhskamrAdzWrhpYntid.mOsthvHUmgRAcWEtidfrm?UnhvrshtIzhnkam?hnhstblaknEShnz.
46,.itmEbIDhtwRstRhkcrhndmhlthplisitIhvkoRprEShnzizhnDhmOstifektidfrDhf?Ucr_.
47,..joRjbIaRkhnerDhsekhnd.WhznEmztiDhn?UpOsthvsIn?rvyspRezhdent.incaRjhvloGREndplAniGinrRilEtidghvrmhntRIlEShnz.
48,.DhRizhltWhzpRtSh!.
49,.WIkAnbIdogmAtikhbwtit.piRIhd@dhbhlkWOt..
50,.Adzcem+hdiviZhnmAnijrfoRhRItElr_itshdogI.gOlgWrdz.
51,..itizhphniSiGkamh-AtofhndishpYntiGikspiRIhdspiRIhd_.
52,.DEklEmd+DEsiksIdidinDishbjektivkamh@bhtjhjsOfeR+sezDhRekrd.SOzDhsOvIetsnevrhgRIddut_semikOlhn_ifDhdidhntkamh_WySudWE!kWeschnmaRk!.
53,.inshminstrnsUzkamh@mAmijmhntizlrniGhvDIzmItiGsTRUWelHyfhnplEst!nmOlz.piRIhd.
54,..WIWrjenthlmhn+hbwtit+piRIhd!.
55,..?UesWoRSipshndHelikaptrz_jEsthWEAnrynIAndWySipfrmikanvYhfoRkUmEtItAGkrzinDhpReZhnghlf!.
56,.DhREtiGkhnsrnolsOplEst!DhsiGghlHyfhnEHyfhn.tUsIn?rdetREdiG_osIespeksiz.tekshzgAstRAnzmiShn?Unhton@RIv?Ukamh_WizdiRekShnansrthn.piRIhd.
57,.mOstimpoRtnhtlIkamh@Dhbukkamh@lykDIigzibhtkamh@przentshningEjiGsrvEhvinrlEstfoRmztUdhsencrIz.dASWhnWIkhnWrnfhmAninjY.piRIhd.
58,.DhbRitiSphblikHhzgathn?UzdtUenjYnshclUnIleftthstoRIzezpaRthvitsReg?hlrnUzpEprdyht_.
59,..DEkhnbIHhleRIhslIfhnI_kamh.AzWelezHyrlIfektivtUldzfrsAtyr.piRIhd!.
60,.ekhnamikAghnIkamh@moRDhnRifoRmkamhHAzpRydhdpOlhnztiletDhRipeRmAntlUz.piRIhd!.
61,.!DhSathlWudbIDhfrstiliftafshnsDhnyntInEtIsikscAlhnjriksplOZhn_.
62,.WhnizDAtWIWhlHAvDhsrplhsbhtSudhnt+.
63,.DhplAnWhzdiskhvrdAftrdikOtiGdAtAkApcrdilAstWIksrestrtWentIRebhllIdrz!.
64,.maRkhtAkShnWhzhsenShlIdhjestiGWentsEzRAlIpiRIhd!.
65,.AndshmcEnzkamhshcezHalhdEkoRprEShnkamhSeRdinkoRprEShnAndHytHOtelzkoRprEShn.kamh.indsistDEWhlmEkpleniGhvRUmzhvElhthlAtbaRginREts.piRIhd!.
66,.bhtbOTkhmphnESudbenhfitfhmhnhptrninDIYlAhndnAcRhlgAsbUznhs.
67,.DhgOldkaRd.micinkRUdzhf?UhdiSnhlsrvhsUzWhnwkosthdsevhnIfyvdalrzURIh!.
68,.mistryzhnmhn.DIaphziShnbiznismAnsezaRnnUfOizhtDhshlUShnbhtDeRizhnenIshlUShnWiTwtaRnUfdl?tz.
69,.AftrDhsrtIHyfhndEpiRIhdkamh_DhSeRzWudbIkhnvrthbhlAthlOrRISI..
70,.hkshpthdbidzREnjdfRhmsikspYntTRI~Etfyvprsent.thsikspYntfoRTRIsiksprsent.
71,..DeRa@olWIshmpeshvishnsinikssedhfoRspeShlist+.
72,.tUstIphfol.khnmInHyrinflEShn!hndivenchlIHyrintRistREts.
73,._DhbAG+kOldiGkhmphnIzlEtidhnhDrfiftImil?hndalrsel@frnekst?UzdE!.
74,.DhRIkol@ikspAnzanhWistRohlhvhDrRadhlzbighnrlIrDisWik!.
75,.pRabhblIDhlaRjhstkhntRib?htr.tiDh+rniGz~hptrnfrmEjrpRhdUsrz.izhn?UpEstRhkcrHAmrdwtAndhHevhlI?Un?hnyzdhphsifiknoRTWest!.
76,.inhdiShnlUklIRifRIzOnzofhninklUdrEnjmhntsDhtRikWyrdinhglIrWephnzdiplYdhjEshnshvHizOn_amlAndzoRAtsI.pIpOldbA!.
77,.bhtDhfedrRIzrvAndmistrgRInspAnaRlyklItibIWrkiGaRdtikIphnflEShndwn.
78,.tUilIvIEtHizkhndishnkamh@mistrpAtiShnstapstEviG.piRIhd!.
79,..bhtDeRrolsORis~.
80,.inoRdrtistEkhmpetitivWhtDhpRilhfrEtiGnhmbrsmolnan?Un?hnaprEShnzhnDhRIjhn!mOskhmphnIzHAvshksesfhlIskWIdzshvstAnchlWEdzkhnseShnzfrmlebr?Un?hn.
81,.DIAktWhzizhnAcRhlfRHimezIdiGpoRk+kamh@HItOldhfRend.piRIhd..
82,.!nwkamh@WImhstHAvAtn?UzshmTiGdAS~oR.dAS~hDrtUenSrDhtDI~eldrlInatbIWyptwtfynAnSlIendimOShnlIbyOliGgriGkamh@fynhlilnhs.piRIhd!.
83,.mistrbeRIHAdbinpRezhdenthvHaRtmhnsisthmzh?UnhthvfigintrnAShnhlinkoRprht.
84,.DEvbinin?UsinDI?UessensDIrlInyntInsevhntItspiRIhd!.
85,.itWhzhnthgivhWE~.
86,.ifitizhnWansiiGitshnhDr+.
87,.bhtDiS?iRkamhpaRtIbAthlzrleskhntenSizhnddaktrpolkamh@HUizonhbAlht.hndfoRtIsikstEtskamh@HOpsRAtlIsWhnmil?hnvOts.piRIhd.
88,.bhtifDhHistrIhvhDrAfRhkhnnEShnzHUzenEgyd_Wyts.indInzhndsmolblAktRybSutfiRbhtEt.
89,..OldpIphlSOdatHAvthlivWiTDhkansthn~iRDhtdEkudendhprUhndhntevRIWEdbyDAtlAsdilnhskamh@lIviGhdesthtUtspwts.piRIhd.
90,.bhtDhbOlzWOntgiv@hp+piRIhd!.
91,.telhviZhnsetmEkrz.RegrhlIskejultIvIpROgRAmiGbigAn?iR.HAvlostwttinDhjAphnIzAndDIURhpIhns.
92,.DAtsmoRhlesWhtDhbliSip!ikanhmisikspekt+.
93,..DhShthlWudbIDhfrsttUlift@ofsinshnyntInEtIsikscRAlhnjriksplOZhn.piRIhd_.
94,..HIAdid.kOlhndhbhlkWOt_mEnofrDhkhmzAndizgOinhbIRIv?Ud!.
95,..menI@hDrz.kamh@hvEtiGtAksiz!kamh@dUitanDhsly.piRIhd!.
96,.foRigzAmphl.itlykstaksDhtselAthlOmhlthbhlhvDhkhmphnIzbukvAl?r_oRAsetsmynhslybilhtIizpISeR_.
97,..nw+sIbr-iztRyGthmEkhmen!.
98,.AGgrdlhkRUd.hfiShlzkhnIinDeRHykoRttijyjmistrAmrhvWyRshdr.piRIhd.
99,.itWilselekstivhnendAthlEtrdEt!.
100,.dhbhlkWOt.foRDh@RekrddhbhlkWOt.izhnhkwnthvhthfkamhshksesfhlbiznismAndzteRhbhlWoSiGtunikspiRIhz.
101,.foRHhztapEdkamhHIpiktkantRAktinoRghnyziGcIfWoltrSI_kamh@HUendidHizOnbidthbIpRezhdentbybAkiGmistrmhkaRTI_piRIhd.
102,.AkcrlI!kamh@sinshnzgonDhTrtIEtylekhthllatkamh@dhbhlkWOtHIsez.piRIhd.
103,.DisizhvDhtymthtEkDhcAnsinAskDhmDAtsezmistrAphlbamd.HUAdzDAtHizHOfOnHizbhnd!.
104,..DhsitI~khntRAbhblIHAndhltUpROgRAmzkamh@sezSaRpmhmoRIhlAdministREtrcaRlzkOk_kamh@dhbhlkWOt_bhtTRIoRfoRpibIpRablhmAtik_piRIhd!dhbhlkWOt..
105,.itshbwtWyksevhntIndEzinhbEDIzlyfkamh@dhbhlkWOt+sezmistrdikI!kamh@hvenrhniGgWiStIcrdHiRinjhpAn.piRIhd!.
106,.Dhn?UdIlpRatsOShlsik?uRhtIkamh@AndDhn?UfRentiRbRotmedikeR!piRIhd.
107,.bhtDeRpap?hleRhtIgRUslOlIbikhztRAnzmiShnofhnWhzslhgiSkamhpRintiGmesIAtmhSInzkudhndhbhlkWOt.tokdhbhlkWOttUIchDrifiShnlI.piRIhd_.
108,..ymnatAt@olhnHApIWiTWethid!.
109,.hsOsIEtidenz.nOnizeRkOh@izhjenRhlpaRtnrhDeRkOhHOtelpaRtnrzAndHAzhWhnprsentjenRhlpaRtnrintRistinDhpaRtnrSip..
110,.AnelsrvisizWelzWhnsDeRdReldkamh_lamikdrmht.bildofSoRdRiliGRigz.
111,.bhthtempstyslEthmistiGrdifektivpROtIninDhmhsthltiSUhvlhsf?UlrdistRhf?UpEShnz_HAvloGpRUvdfRestREtiG!piRIhd_.
112,.DAtsmoRrlesWht.DhblUSipikkanhmissikspektpiRIhd!.
113,.?etDhbendhspOstizbendiGOvrbAkWrjtikhmplyWiT?UesdimAndzfrmoRAkses.piRIhd!.
114,..frmenIjAphnIzkhmphnIzitWhzDhfrsttymDEtevrsInhnhmeRhkhninvestrsezmistreRhn.
115,.!DhRwTWelsogitintenshfydkRitisizhmOvrDhWestrnostREl?hnghvrmhntsmrlEShnSepWiTanthpRhnrz_shcezmistrbandAndmistrHOmzhkoRttkamh_kUmDhghvrmhnthsisthdfynAnShlI!piRIhd.
116,.dhbhlkWOt_WIjist.gethgitsynkamhAndDAtmaRkhtWhlRispandpiRIhddhbhlkWOt!.
117,.!hbwtWhnpYntfyvbil?hndalrzhvdetizhndrRIv?U@.
118,.innyntInEtIkamhDhflEmzRIzUmdHOmgEmzpiRIhd!.
119,.!dhbhlkWOtifWIkIphsepkamh@WhldyWiDwRflAgpiRIhd!dhbhlkWOt_.
120,.DhnASnhlAvRijWhzfoRpYntsiksTRIprsent.hnddisembr@nyntInEtIsiks.
121,..itAdhjrmAdhkhsektanDhgEm.piRIhd.dhbhlkWOt..
122,..DhdedlynfrdUiGsOizfebUWeRItWenIfrst.tUmanTsbIfoRjhlletsEphltWenIfrstAn?UhlmItiG!.
123,.WytplErzdRiftidbAkkamhintenchnzIzdpiRIhd..
124,.frmhnshltsmEjr.dItsinvrnI!RipoRthdlIdYndDhkRwdhvlostRItHwsizkhtiGDeRnyntInEtIsevhn@ybIemrniGzesthmithd.
125,.DeRznOdwtWIvtUminiSDhsOvIhtTRetfiRIshbstAnchlIinDhlAst?iR.sezmenhvsOthReprzenthtiv!DenWebr_.
126,.HOtelzkhn?UzdDhteknalhjIitshpRIdzikt_WonbiznhsWhlbIhn?UZUhlIslO@And@DhsWenmoRdistkwniGHitsnEndih!.
127,.?estrdEzhnwnsmhntbyRepRizenhtivHwrdmInzthHwsWhllOtavDhsUmizhmendmhntseprhtlIfrmDIOvrolkanfRhnsrpoRt_piRIhd.
128,..DhkhmphnIolsOdOnEtidsiftITwzhndalrztUhlOkhinvyRhnmethlgRUp_thHyrspeShlistUIvAl?UEtDhkhmphnIzplAnsthklInhpkhntAmhnEtidsyts.
129,.stRoGimpoRtsHwevrmInDAtdhmestikdimAndRytnwizstRoG_WhnSrWEtikrbhtREddefhshtizthHAvhfuldlOnRrseShn!.
130,.AneRkwizspOksumhndsedDhkhmphnIfoRmDhvencr_tikRIEthvfynAnsiGvIikhlfrf?UcrHOtelpRajekts!.
131,.dhbhlkWOt_DeRizhnmhcpRygReshndsevhntIndEz.piRIhd!.
132,.DhklhbnwfIldzhnhmbrhvtImzfoRveRIhsEjlevhlz.piRIhd_.
133,.DhbendhspOstsmhnaphlIHAzbikhmhlytiGRodfrkRitisizhnbyDI?UesnhDrtREdiGpaRtnrzhvjrmhnIzklOzddoRz.piRIhd!.
134,..DhfrmseditdhzhnkamentanitstakRekhmhndEShnzoRrniGzesthmht.
135,.itdidhnntydenhfyndDhbyrzWrdisklOztrmzhndDhsElz.
136,.nw!sIby@iztRyGtUmEkhmendz.
137,.!dhbhlkWOtytOldemitsDIendhvydIalhjIkamhdhbhlkWOt_sezmistrAmr@hvkamh@hpaRtIvedrhnpiRIhd!.
138,..DhbAGkHOldiGkhmphnIzslEtidhnhDrfiftImil?hndalrsElfrnekstUzdE!.
139,.nOfrmplAnHAzbenddivyzd.bhtitizhndrkhnsidrEShntURif?UDhHOldstRhkcrHIsed!.
140,..HIkudpResmistrROlhndtiselimpaRthvloGROzpoRtfOlIO!piRIhd!.
141,.+ybIemselWhnAndsebhn~EtTs.tUWhnHhndrdtWenIAndTRIEtTs.anmoRDhntUpYntfyvmil?hnSeRz.
142,.!nObadInOzHwDhswTAfRhkhnghvrmhntlrRIAkt+.
143,.DhkhmphnIzsedofdindEvidbizplAndthkhnvrtDeRkamhSeRz!driGDhTrdIHyfhndEpiRIhd.piRIhd..
144,.shmsoRshz.sedshmhvDIlesHyfhntRhdiShnhlHOldrz@hvjhnaRwldEbilzIiks.SeRz_kudbIthmpthdbyDhpRaspekt.hvkAphthlgEnz.piRIIhd.
145,.kAmbOdIhzvietnamHyfhnbAktghvrnhnt!Rif?UziztiSeRpwrWiTDhkhmeR@RUzkamh_DhkhntRIzfoRmrolcaHyfhnleftis.RUlrz.piRIhd.
146,.DhmAzdAtkhmpazhtindekshvfoRTwzhnkamhsiksHhndrdTrdIEtstaksklOzdAtTRIHhnrdsevhnIfoRpYntsiksfyvkamh.dwnzIRO.pYntWhnsiks.piRIhd.
147,.itRIshntWIksfoRigzAmphlRIdrsHiRHAvHrdhvDhbAniGhvAntIyRIscOpsinWhn@lhndhnbrOd@.
148,.ekspoRtpRyshzROzWhnprsentinDhlEthstkWoRtrAndejjhktOnlIziROpYnt.tUprsetinDhWAst?iR.piRIhd!.
149,.menIhDrzkamh+hvEdiGtAkshzkamhdUitanDhsly!piRIhd!.
150,..instedkamhDEfEvr@hnhnwnstceksbyROviGkamh_RADrDAninHyfhnHwskamhinspektrzfOkisiG_andhbhlkWOtkRitikhlkhntROlpYntsdhbhlkWOt_insIfidpRasesiG.piRIhd!.
151,.DhpRablhm~khntin?UztibImhnatnIinfAShnkamh@sedkrtbanyd_kamh@DhphliSrhvDhRItElmaRkhtiGRipoRt.kamh@hnindhstRInIzletr!piRIhd.
152,..hnhDrspOksmhnfrDhministRIHAzRiplydtUDhfoRdkoRhspanitshsOsIEShnhvswTIstEZh@.
153,.hndrtrmzpRIvIhslIRIpoRthd.dIitAl?hnAgRhkhlcrhlkhnsrnhzsUmdhbwtWhnHhnrdnyntIfyvmil?hndalrzinshboRdhnEtid.detAzpaRthvDhtRAi!.
154,.bhtshcenstidhntsaRmylthmrzkhmpeRdzWekhmiGrTkWEpfrDhtUpRhfeShnzkamh_shmhkwthnts!emkrmshlthnzpRhdit.piRIhd!.
155,.aphziShnfRhmkhmpethtrzolsOkhntRib?hthd.tiDIiniShlRIjekShnhvDhmrjr_kamh_AndDAtHAzAGrdsAnhfEigzek?htivz.piRIhd!.
156,._RigaRdlhshvDIAlkhmhvenImItiGWiTdROlet!kanhstansEmzolmOsrthntinamhnEtits@OnslEthvdrektrzshmtlymneksWIk!.
157,._bhtthDishpRyzhvolmOstevRIWhn.stakpRytshzbigAnhstedIklyndDhtpuStDIAvRijhbhvWenzdEzklOz.
158,.bhtitsifhkhlt.thsImWrDhkhmphnIgOzfrmHiR@.
159,.AndSoRtlIAftrDIAkWhziShnkamh@YlpRyshstaRthdsislyd_piRIhd!.
160,.insted_DEfEvranhnwsceksbyRUviGRADrDAtinHwsindspektrz_fOkisiGankRitikhlkhntROlpYnts_insIfUdpRashsliId_.
161,..mistrbeRIHAvbinpRezhdenthvHaRtmhntsisthmz.h?UnithvfigIintrnAShnhlinkoRprt.
162,.SAmRakspRItAkspRafhtfrmDhsElWhzWhnHhnrdtWenIfymil?hndalrzhspOksWumhnsep!.
163,.nehlIdifyn.DeRrRhdhzhnrRsOAsetAlhkEShnfhndz.
164,.innyntInEtIfyv_endzYlWhnniRlIOvevhnbil?hndalrzhnddAmhjizAt.tRyl_DhbighstjhjmhntevrhWoRdAthplEnt.
165,.AftrDhTrdIHyfhndEpiRIhdkamh.DhSeRzWudbIkhnvrthbhlAthlOr@RESIO.piRIhd.
166,.HIiknalijizdiskhsiGDhphtenShlhvspItiGhploshzbhttinyzmEkiGenITRet!.
167,..bhtlikhlithlfrDr!DeRaRWEzrwndHyRiGfRIziz.
168,.DIikspAndidRIkolWhzdisklOzdDAthmItiGWhTAnaRsIhfiShz_AndhnEjhnsIofhzwtsydSikaRgO@.
169,..Dhn?UceRmhn!nOshtHhzphlitikhlkhnAkShnzmEkshmmaRkitpatishphntshspiShs_DhtHIhbhltRythstim?hlEtDIikanhmIthHelptjIOpI.kAnhditsnekst?iR!piRIhd.
170,.AftrDhklOzhvtREdiG!DhfoRkAstsWrinkRIst.
171,.?estrdEzlUizrzinklUdidothmObIilzpiRIhd..
172,.bhtnwDhmedikhlpAkhpOzizbOTmeZrzpiRIhd!.
173,..HIHAdbinsIn?rvyspRezhdenthvWaSiGthnaprEShnzWeDrdifenskantRAkSt!.
174,.DhbunDispOstsmhmaprlIHhzbikhmhlytnEmRadfrkRitisizon.byDh?UesAndhDrtREdiGpaRtnrzhvjeRhnIzklOzd!doRz.piRhd.
175,..DeRjistWEdiGfrDhR!.
176,.ybIemfellhnhndsevhnEtTstUWhnHhndrdtWenIhndTRIEtTsanmoRDhntUpYntfyvmil?hnSeR!.
177,.DismaRkhtezWEtiGfrOnlIWhnTiGzh@wfrdRof+hsIn?rvyspRezhdentAtamsinmikhnhnsik?uRhtIzinkoRprEtid_.
178,.hstRanhmrzsEDhtDIrvspEtizsIld@.
179,.DhmhnIthput.DispRaphziShnanDhbAlhtkEmpaRtlIfrmDhgRAndHyfhncAmpIhngivr.kamhe@IkAlhfoRn?hmedhkhlhsOSIEShnpAk.piRIhd..
180,.sIbh-hgRIdtURemhnIvIOvrsyd..
181,.mhktrnmhtAnAndenl@aRAndifRhnsEghnhntsWhvlIYlsrvhsizbiznhl@.
182,..DhRytiGkhnsrnolsOplEsDhsiGghlEtUbsIn?rdetREtiGhvsIesAksistekshs.gAstRAnsmeShn?UnitanRIv?U_WiTdrekShn@ansrthn.
183,..DIikspAndidRIkolWhzdisklOzdAthmItiGWiT.AnaRsIhfiShlzAthnEjhnsI@ofhswtsyjhkagO@.
184,.bhtDhpROtestsRAphdlIbROkhpWinDhmIdIhHeditHOe@.
185,..bRitiShplyhnsmEkrzAvlosgRwndtikanthnhntOl?uRhpAnzHUhvDhstAbliStERep?htEnShnfoRdizynAndkWalhtIstAndrdz.piRId.
186,.DIdhbhlkWOtHedkwntkamh@dhbhlkWOt.hbOghsmeZriGdvysifevrDeWazWhnkamh@RimEnDhsEmsemikOlht.DeRWhznOinkRIsinsAlrIprshnel.piRIhd!.
187,.kRischnSWoRzHyfhnSOliG.kamh@DhpOsthlministr!kamh_bReshlzAtshgjeschnz.DhtshckRitisizhm_ledtUDhdisiZhntidismAnthlDhmhnabhlI.piRIhd_.
188,.HIpRyvhtlIinsistsIhpOzizRrpIlkamh_bhtshmTiGkHIiz?UziGHizaphziShnezhbaRginiGcip_piRIhd.
189,..DhkhmphnIofsOdOnEhdfiftITwzhndalrztUhlOkhlinvyRhnmenhlgRUpthHyrspeShliststUivAl?UEtDhkhmphnIzplAnztiklInhpkhntAmhnEtidsyts.
190,.AndAmbiSnhsinnyntInHyfhnnEShn+efrtUHot.tWenI?rzhvWoRhnkAmbOdIh_endidWiTwthn@hgRImhnt.piRIhd.
191,..pRapthtgyn?UzRipoRtshvhlejmishpROpRIEShnhvfhndz_DIesIsIviztrdDhfrmznU?oRkHedkoRtrzlAstWIkWiDDIintenchnhvigzAmhniGbiznhsRt.
192,.itizjaRjRiTgitiGDhbestIlfrSeRHOldrz_kamh_hdWudhnhtget.taptalrWiDwthnhDrbidr_.
193,.DAtizWelhbhvDhnASnhlAvRijfrHAsththlzhvshcpROgRAmzkamh_bhtHwRdlIhmaRkititWantstisIfRAgmentid.piRIhd.
194,..HIaRd?UzDAtfRydEzhnimplYmhntfig?rz.hndrmyndDhsIsishvESaRplIslOiGIkanhmI!.
195,.DhsensAvinpendiGdUnHhzstymIntImoRk.DOSRn!.
196,.DhfedRhlikspRessrviskamh@WichlwdbiznhsizhnUdivijhWhlztisentfAksizfrmDhkhmphnIzstoRz.kamhkEmtUrlIhmhstUikspensivkamh@AnhlhssE.piRIhd!.
197,.hnsOldstakshvtRhks~rhbwthTrdHyrDhnoRhbhlkamh_sedhspOksmhnfrDhkhmphnI.piRIhd..
198,.ithtempstUbRiGoRdrtidhmiRIhdfyvrteknIkskrhntlItiskRydbyhWeltrhvkhnfliktiGtrmhnalhjI.
199,.aRjEaRspeShlkhmitIizHApItisIhndoltrnhtizrmrjiGthDhpashbhljYntbidbitWInkEkEaRAndDhmAnijmhntHyfhnWedgRUp.piRIhd.
200,..AzDhpap?hlhssdedHIhpIlthlesejhkEtidlOrmidhlklAspIphlHUfyndIkhnamikhndsOShlcEnjfRytnEm!.
201,..ysAt.dwnindfigrdwtHWhtDEnItid!hndsOldhmoRnht._.
202,..instedmistrsyvinprsWEtidHimtUjYnHizgRUpesDhcIfigzek?htiv@ofhsrhvDhveRIhzHOldiGkhmphnIzthbIset@hpth@OnIcTRift!.
203,..inDIEbIemtRItIkamh@DI?UesnigOsIEtrz_hndhth+wtlanmishldDifens.AndlakbOTsydzinthDhpastr_hvn?UcUhlhSoRt.dhstRhkShn.piRIhd_.
204,.DhloncHAbhnplAnfrrlIrDis?iRhbhtWhzskRabtbyDhspEsEjhnsIhbwtfyvtymzbikhzhvdizyndhnd@hDrdilEz.piRIhd.
205,.telhm.eksklhlmEShnpYnhnt.dhbhlkWOt!.
206,.SoRttrmREtsHIsezaRlyklItiRimEnstedIoRmUvshmWhtHyr+.
207,..hn?UzRIlIsUcUd?estrdE_sedDhtDhlynhvkReditWudbIgeRhntIdbyprRUv?ensOvr@piRIhd_.
208,.rlIlAstRIkamh@mistrSRhndidofrkhnseShnz.piRIhd..
209,.kRisthnSWorzHyfhnSOiG_kamh@DhpOlsthlminhstrkamh_pReshlzAtshjesjenzDhtsshckRitisizhm_ledtUDhdisiZhntidispmwntshhvDhmhnaphlIt.piRIhd!.
210,..peRIdiskhvrdtjhpAnfoRhmeRikhnzAkShlIitWhzpyleRhnHIkWits.
211,.sYhtiGf?UcrzledDhdiklynzkamh@WiTpRysizfrnOvembrdiliveIfaliGtWentIEtpYntfyvsenshbuShl.tiEtdalrzhndTrdIWhnsenshpOShl.
212,.dhbhlkWOt+DeRizhntmhcpRygReshndsevhntIndEz!piRIhd.
213,.nakhsOnIshlektidinhbulRUlthkhsSItOtsishksIdHOndAzjhpAnzpRIUmiR@.
214,.olDOmOsthvDOzHAvbhnWIk!prfoRmrzDis?iR@DAtHAzhntstaf@hDrzfrmtRyGtikASAndondhtrmz!n?UkAsSIE!.
215,..ifDhsrjinf?UlpRyshzizinklUdidkamh_impoRtpRyshzROsikspYntfyvprsentinDhfrstkoRIlzsz.
216,.natevRIWhnbyzDhdefhDhdalrTIs.
217,.bhT!dhbhlkWOtHystillykfRAnImE+piRIhd!.
218,.!DIAktWhzezhnAcRhlfrRHimezItiGpoRtkamhHItOldhfRend_piRIhd.
219,.!mistrmaRthnRIshnlIdipaRthdfrmDhfedtObmistrsymhndrinrydtUWaSinnASnhleRpoRt_DhtHImytstaRthpRyvhtmoRgijinSuRhnskhnsen.
220,.bhtbOTkhmphnIzSudbenhfitfrmhn~hptrnindhYlAndnAcRhlgAsdevmhs.piRIhd_.
221,.DhRIkolikspAndzanhWiTdRohlhbhDrmadhlzbighn@rlIrDisWIk!piRIhd.
222,.!inRIshnWIkskamh@frigzAmphl.tamh_RIdrsHiRHAvHrdhvDhbAniGhv_dhbhlkWOt.AndEHyfhn+yRiSjOksdhbhlkWOt!inWhnlhndhnbrO.piRIhd_.
223,.dhbhlkWOt+ytOldhmistIendhvidIalhjI!kamhdhbhlkWOt.sezmistrAndrhv.kamh@hpaRtIHedrin.piRIhd..
224,.AftrDhmaRktivklOzdkamh@DhmenhsOthllejhslEcrApAsthdAnsyHyfhntEkOvrbil_AndAtsoRtiGdaRtgRUps.intrhst!inhkWyriGDhminIAplisHyfhnbEstRItElr.piRIhd.
225,.sYbIiGf?UcrzpRyshzWrmikst.WudbInshnYYlfiniSiGkHyr+.
226,..elIlAsWIk!kamh@mistrcynddEtofrkhnseShnz.piRIhd!.
227,.sOWhnwRhlIaprtEtrWhzpRhmOtiddifoRmhnbhtmEntEndanDIwRrlIpERUl_.
228,.bidztOthliGsiksHhndrdfiftIWhnmil?hndalrzWrshbmithd!.
229,.HIRIzstRipthvHizpaRtItythlzhnstakdwtkamh@RibiGhpHizlrkRUdmembrSipkaRbRifoRDhWEtiGtelhviZhnkAvRz.piRIhd..
230,.DhkhmphnIolsOdOnEthdfiftITwzhndalrztiElOkhlinvyRhnmenthlgRUpthHyrspeShlistUivAl?UitDhkhmphnIzplAnztiklIn@hpkhntAmhnEtidsyts.
231,.HIolsOsez!DIhToRhtIzmEnWhtDEsE!DhtDEWhlnatstAndhsydhndlytkrhnsIzRIcnU@lOz.pOsdilekShn.
232,..bhthtempsthyshlEthnmisiGoRdifektivpROtIninDhmhshltOSUhvmhskURdistRifIpEShns_HAvWoRgr.
233,.hkoRdi~th@HyflAS+lORIsrc!kamh@TrdIfyvmil?hnpIphlprchsthfiSiGlyzhnsinnyntInEtIfoR.piRIhd_.
234,.bht.kamh@HIaRg?Uzkamh.dhbhlkWOt_DhdIprDhkWaprEShnbItWIntOskamh.DhmoRkhntROlhbOldDhsOvIetsaR@piRIhd!dhbhlkWOt.
235,..DhkhnshlthntsnOthsthnhmiShninDhplAnzDAtnIDrDhkhmphnInoRfedrhlReg?hlEtrz.
236,.inmOskEsizDAtstilWudbIlesenDEWudpEfoRrAnjiGkhvrijanDe@Rh@.
237,.WrTrdImil?hntelhsOnzkamh@WestjrmhnIRAGksbIyndOnlIvDI?UesAndjAphnIzfalnmaRkits.piRIhd!.
238,.itdOnEtidtWenIfyvTwzhndalrztigititofDhgRwndpiRIhd.
239,.dhbhlkWOt_DishSuRzrfoRsREskamh.dhbhlkWOt.sedWhnprshnfhmil?rWrDhkhmitIsTiGkiG.piRIhd..
240,.DhveRI~ydIhTkamh@DEaRg?Udkamh@mybItEkhnbyimplYdIzAzhslApinDhfEs.piRIhd+.
241,.DEkhnolsOinvalvinrnAShnhlkWaprEShn_DhgOlofh@izthgitfoRhnstEtsWiTnUklIraRshnhlzthplEdznatti?UznUklIrWephnzhgenst!dizOG..
242,.!?UeshtrnIgUlIanIkamhtRyGth~wsttimstrlIdrzkamh_WhlRrv?UHwDhboRdpikt!DhnUpRezhdent.piRIhd!.
243,.natDhtfAktsmhSInzrRn?U.piRIhd.
244,..natevRIWhnbyzDhdeTrDhdalrHIsiz.
245,.DhRIoRghtAgzEShnWudhlwItcigzistiGkamhnsenthbIkhnvrthd_driGhTrdIHyfhndEpiRIhd_intUtUpYntsevhnfyvklAsESeRz.piRIIhd.
246,.DIAvRhjdUvitend?IldhvitsRekhmEtidstaksizTRIpYntsevhnprsentDhsekhnHyhstinhgRUpAftrsniTbaRtIizfoRpYntWhnprsent..
247,.olDOjhpAnzpalhsIzWontcEnjRAdiklIhndrtakisIth@sikstITI_HizlAkhfoRhnpalhsIikspiRIhns_kudWrshnzrpAnzinrnAShnhlRIlEShnz.
248,.!bhtkamhHIaRg?UzkamhdhbhlkWOt_DhdIprDhkOWaprEShnbitWInhskamh_DhmoRkhntROlhbhlDhsOvIetsaRpiRIhddhbhlkWOt_.
249,.DhSaRpRyzbROTIinkRIshnimpuRtpRyszfrDhpAst?iRdAfsezhnpYntTRIprsent.piRIhd.
250,.pIphltOtRIlyzdDIinoRmhsnhmbrzinvalvdhnASnhldimAndfrfiSpEt!piRIhd_.
251,.dhbhlkWOt.aRhsynIsHAvigzAmhndDhfAktsrwniGmiskmAtr+hndnhTiGDAtisfAkchWhlIkrektinDhstoRhtIiznUtsWrRkwnshl.
252,.strliGsoftWeR_WicsedithgRIdtiselitskhmrShlpRhfeShnhlsrvisizgRUp.felWOnETthsevhnAnWWhtEs.
253,.DgitiGles?iRkamh@sElztAkshzkAntbIdidhktid.piRIhd!.
254,.dhbhlkWOt_WrnatkoiGfrmAndhtoRItestiGAnenISEpoRsfoRm+piRIhd.dhbhlkWOt_.
255,.DhpRablOnizhtpAnAndz?I?hnzHAvlostkanfhdhnsinmistrAkr_hndkhntin?UtUinsist.DhtDERWOntmEkhnseShnzinlesIzRIplEst.
256,.kRIEtiGDhnUdDlIifRIzalnHezpaRtlIhlOkWhTdisiZhn_sitisUnlrghvrmhnt.inhsrthnjIhgRAfikeRIh@disydthbAndhtDIRrWephnzfrmDAteRIh@.
257,..sinsIcInizDhblUpRenfoRhpROtIn_DhdifektiznOntUinvalvhlpROtInDAthfeksmpRhn!.
258,.bEstanolDhtWInOkamh.And~edjlyvshvaRkwnsO~kamh_RinOhvnORIzhhnthbilIvDAtbabfRImhn!injEjdinenIOlIgAlhtIzpiRIhd.DhWhlkWOt..
259,.gREnshnsYbIz!mOstkoRnhndHWItf?UcrzpRyshzWrstRoGgr@.
260,.HOtElzkhn?UzDhtteknalhjItUpRidiktWinbiznhsWhlbIhn?UZUhlIslO.dAShnd@DhsWinmoRdiskwniGiznIdidpiRIhd!.
261,.inhloGgrhn@DhWIkdalamEmInmoRinflEShnAndtytmhnIAnivenShlIevRrseShn!.
262,..HIzdhnvrRIWelfrstaRkHOldrprIz.
263,.mistrvaghlOzsAdhtDAthnoRdrthmaRkitDIzhnd@hDrdRhgz_mrkplAnztUinkRIsitssElzfoRzbyfyvHhndrdDis?iR!.
264,.enEes~EskejUuldDhlonchvDhspEShthldiskhvrIfrseptembrtWenInynT.piRIhd.
265,.!Dishlwdit.tUplEsmoRhvitskaRdREinDhpAnhmEnIhnb?uRak!.
266,..natdetfAktsmhSInzrn?U_piRIhd!.
267,.Trst.DhnetWrs@.
268,.dhbhlkWOt.ifDhsOvIetstisydtUcEnjdDhnEcrhvDhmiShn!kamh_DEnwHAvDhRytghHiR_kamh@dhbhlkWOt.sezDIizRElIhfiShl.piRIhd!.
269,.inWestjrmhnIkamh.?UbIeshkWyrd!dYclendrbAGk!innyntInEtIfyvpiRIhd_.
270,.enElOkhlplAntDhmAn?hfAkcriGmAnhjrnIthddhnhDrfoRmhn.hsAlrIdphziShn_bhtDeRWhzhfRIzitHyRiGksAlrEdprshnel@.
271,.WybykWeschnmaRkhsiGghlkWOt.dhbhlkWOtHIsed!piRIhd!.
272,._klAftnOstHAzolsObingOdthloRhnslIthns.
273,..itWhzlAstREzdinjUnnyntInEtIfyv.tUfoRtifyvdalrzfRrmTrdIfyvdalrz.
274,.shminvestrzrprpeRiGfrESoRttrnkrekShnDismhnTolDO@mOsbilIvDAtitWOntbIsignifikhnt!.
275,.!lindneRAndtAftbROkdwnWinDEkudhnhgRIanHwmhcmAnijmhntkhntROlIcWudHAvOvrDhkhmphnI.kamh_DhsoRshzsed.piRIhd!.
276,.AtlIst.tUHhndrdEtITwzhntsnwfiksTiGzanDeR@On.piRIhd+.
277,.DhRebhlzHAvhk?UzdsiGlabhvfoRmiGAntykam?hnhstfijhlantIgRips.
278,..RytnwHwevrDIikanhmIhpiRzstiltUbIgReliG_.
279,._hlithlgidn?UzkunsafiDhmaRkitsRizisthnsI.
280,.HIzDIOnlIgy~AvkudSOhpinDhplazhAnddRokRwthvsevhnIfyvTwzhnpIphl.sezWhnlAthndiplhmAn.
281,.mistrizIUtUhz~yRAksliGktUDI?UethsizhsphShlIsensithvhbwtDIhmeRikhndisepShnOvryRwnd@.
282,.bhtshmEbIRetroflukiGfrinSRhnswtsydDIimplYrzkhntin?UdgRUprEtplAn.
283,.bAdTiGz!kamh@bhtnOWrshnmenIhDrbwdTiGzhnlyf.kOlhn_kaReks.kamh@DhdeT~hvlhbWhnz.piRIhd!.
284,..DIadIOAndothmhb?hlindhstRIzaRntDIOnlIWhnzDhtHhvletrlIidfAnijizinteknalhjIoRdizyjslithWE~.
285,.ysIbyDhpEbrzDhtpIphlrWrIdhbwtDhkhmiGbhjitsrplhs.
286,.itHAzshmhpIOldbikhzrtWud@REzTrdIsevhnpYntnynbil?hndalrzOvrTRI?rz.
287,.!DhkhmphnIdiklyndthikamentanDhRizhlts.
288,.foRWhnTiGkhnsUmrzmEnat.bikWytRedIdikWitspendiG.
289,..bhtin~EpRhlnyntInEtIsiks.kamh@nASnhlstIlkoRprEShndedjhstDAt.piRIhd.
290,.inseptembr.DhkhmphnIRisIvdnyntIsikspYntEtmil?hndalrzezitSeRhvdAmhjizfrmhbRIchvkantRAkthWoRd@RilEtidtUhkOldpoRthnSip.
291,.!innyntInEtITRIkamh@meksthkOnventhsWEl@rtOldEpeksDhtt?IcrYlprchsiz_WhtHAvtUIbAkbyletrzhvkaRd!.
292,.inhlOkhlplAntkamh@DhmAn?hfAkcriGmAnhjrnItidhnhDrfoRmhndAShsAlrIphziShn!dASbhtDeRWhzhfRIzanHyRiGsAlrItprshnil.piRIhd..
293,.RIspansiztentidin?Utid!.
294,.biznisizWrolsOWeRIhvfAktspajeks.AftrhHylItwtitfedrhlikspResvencrthpRhvydfAktsrvisflwndrd_hndWhzjethshndinnyntInEtIsevhn.piRIhd!.
295,.mistrHOmzhkoRt.sedHIplAnztURIv?UDhstRhkcrhv_beltgRiR.
296,..h?UbIesshbsidIeRIinnU?oRk@WhzDhfrsttfoRhninstitUShnthmAnicr?Uesdhmestik.koRpRht.bandiSU.piRIhd.
297,.!nOfrmplAnHhzbindivyzdhbhtitizhndrkhnsidrEShntURIv?UDhHOldstRhkcrHIsed.
298,.HhndrzsedhdIsITRItRAnspoRtSatdwnmhndEbyHhndrinfytrzhpeRhntlIWhzkeRIndRhgzfrmklhmbIe_.
299,.DisizhspeShlItROinDhWrk.hvbRitiShnavhlis.AndIvinpRIvIhslI.inDhWrkhvil?hmbYd+.
300,.gRUpshvkhnshlthnzfhmsevRhlnUjrfrmzaRmEdiGGsIkRhtlIthplot.difekShnz.piRIhd!.
301,.DhfedrhlikspReshsrviskamh_WichlwdbiznishzhndhndhvijhWhlztUsendfAksizfrmDhkhmphnIzstoRzkamh_kEmtUrlI!hndWhztUikspensivkamh_AnhlhstsE.piRIhd!.
302,.HIaRg?UzDhtfRydEzhnimplYmhntfig?rzhndrmyndDhDIsizhmhSaRplIslOiGikanhsEI.
303,.byDenkamh@AlhgEnIsed+kamh@DEWhlHAvRisIvdEWEvrfrmitslendiGbAGkshvsrthnkhndiShnz_hnditslOnhgRImhnt.piRIhd_.
304,..bik.drmht.An+And@Al.aRndifRhnsegmhntshvDhYlHyfhnsrvisizbiznhs.
305,.RIdlyktisIshmTiGDAtlIdzTRU@RIldimakRhsI.sezcEnIbOnI@fyssekRhteIjhnHOlhvDIindipendhntlibRhlpaRtI+.
306,.HImEdrsElzkolHIsez!.
307,._WaciGEkhmp?UtrHyfhndRivhnlEDhtrnRamethlintUhpRhsiZhnpaRtkamh_mistr+EmathnkhnsIdzDhRiskpiRIhd_.
308,.DhkoRtiGthHystlAslORIsrckamh_TrdIfyvmil?hnpIphlprchsdifiSInlyzhnzinnyntInEtIfoR.piRIhd.
309,.DhkhmphnIdiklynttisphshfyDhpRyspEd!piRIhd.
310,.AndAlsrvhsizWelzWhntstErdROldWelmhkdrmhnt!bildzofSoRdREliG@RErz..
311,..itmEbIDAtaRstRhkcrAndmhlshplisitIhvkoRprEShnz.izhnDhmestifektifrDhtIU.
312,..Dhs.hnoRdrtURizrvitsRydthlocEpRaksIfyt_kanhsthnWudnItinamhnEtitslEtbyfRydEifebWeeRInyntInT!.
313,.Azshckamh_itizhvmOstintRrisdiskalrz.kamh@kiliktrzAndpRAktiShnrzhvDhfybraRtskamh.?etitstekstizlaRjlIAkseshphltinInanHyfhnspeShlistpiRIhd!.
314,.insted_itfwndDAthfAkShndizynfrm_mhgelkRUzintrnAShnhl.RizaprEtiGAtDilOkEShnRejistrdizDAthvmistrpOlOzinvesmhnts!.
315,..DhWomiGtRendmEHAdmelthdDhsnOkhvrOnshmkRwps.
316,.jabRikRUdrzrRsIgrAtlItRyGDhluRhlWEkhnshltshns.piRIhd.
317,.HandrWhzdwntentUWhnTwzhnkamhnynHhndRrdTrdI.piRIhd!.
318,..dhbhlkWOt_WIHAvtibikhnsrndhbwtkanfhdensIAlhtI_kamh@dhbhlkWOt!mistrbRwnsed.piRIhd_.
319,.hnfoRchniglItRIsInnhTiGbhtsthns.
320,.WiTlohlDhfyriGzanWolstRIt.kamh_mEbIvDishsDhSatinDIomDhtWInId.piRIhd!.
321,.Wyk.buRhkRAtsrinDhdRyvrzsIt!hndblAksRytlIfiRWhtDhtAGksWephnzkhndUtthDem.
322,.itolsOstEtsDhtsevhntInynprsenthvDIzpIphlsEDEfisTrdIHyfhnplAstymzpr?iR_.
323,.HiizkRhdenchlshgjesthdDhtDhsOvIetsmytHaRbrmoRintRistindipamhsI.DhnRIlistEt.
324,.HIisIkiGboRdRepRhsentEShn.kamh_hndmEpluSfoREjYnttEkOvrhvhnhDr?UkEkhmphnI.piRIhd.
325,.biznisizWrolsOWeRIhfAkspRajeksAftrHylItwtitfedrhlikspResvecrtpRhvydfAktsrvhsfwndrdAndWhzjethshndinnyntInEtIsevhnpiRIhd.
326,.!DeRrshmgyzHiRDAtwrsEiGDisizDhfynhldzhmphtbifoDhkRAS_.
327,.DEfelkamh@ofhnlitrlIkamh@DhkRAkshndhsisthm.piRIhd!.
328,.bRiiSkhmk?UtrbRAnzlykshnkliRhndEkoRnHAvblUm@bhtkWikiR@.
329,.WEvRI?etrEtaRintRistinHAviGDhtRUmsinHrhj.piRIhd!.
330,.inaghst.kamh@EphsifiktelhsisgRUp?Unht+mEdEsimhlrgeRhntItUDhkhm?UnhkEShnzWrkrzhvhmeRhkh_kamh_pRhvydiGtREniGfrnEphziShnzhvneshseRI.piRIhd.
331,.AtfoRt?rzOldmistrWiiGezRelhtiblI?hGfoRHizjab_AndAdhpsetskalIigzHUa?UzdtUhgRAjUhlk.prmOShnsisthmbEstansIn?oRz.
332,..DhkhmphnIsedDhgRUpsthmestikitinrnAShnhlaprEShnzWhlbIsOldsepRhtlI!.
333,..IvinDhstEtHyrzpRyvhtRipeRmhnt.piRIhd!.
334,..mistrHOmzhkoRtsedHIplAnztURiv?UDhstRekcrhvbAlhgRI.
335,.bhtHAviGtaktUhpryhtIhvRiphblikhnzhbwtDisinRIshntWIks_ymkhnvinstDhtmoRrRWrIdhbwtDispeRhdakshvdektant.khnphblikGR!.
336,.WishpaRtIdivyditkamhDhlibrteRIhndpRezhdenchlDOtplhnjthtUHhndrdtWenIEtswzhnindnyntInEtIfoRkamh@hbwtWhnHyfhnfoRT!itsnyntInEtItOthl.piRIhd.
337,.DhtUkhmphnIizShgRIdthsAthlhkEsfrTRIbil?hndalrzinlykdisembr@.
338,..sedhtfynAnsceRmhnbenshnhnspIkrRytkamh@bOTtekshnzkamh_puSRIpIlpiRIhd_.
339,.!dEthnHhtsUnfOWynh@tUfestI!inAkthvtREdiG.piRIhd.
340,.mhstRythmrzkAnttelhWeDrDh?UnhvrsWilikspAndfrevr_pwrbythbigbAGhvOld.oRReDrWhlshmdEkhlApsintUhthpakiliptikbigkRhnc!.
341,.sOlhnwRlIaprEtrWhzpRhmOthdifoRmhnbhtmEntEndanDIwRlIpERhlpiRIhd!.
342,..nUfedRhl@RUlzRIkWyrTRess.tUgRAtjWhlI~REzDAtlevhldipendiGanDinpRafithbilhtI!hvDIindhstRI!.
343,.tREdrzinsesDAtAnikspektidinjAkShnhvlikWititIfRhminvesmhnttRhsthn@hDrinstitUShnzWhlHelpbUsSeRpRysizlEtrinDhWIk!.
344,.WhnatRUliG~wtDhtDI?UeskrhnsIkuddiklynOvrtym_mistrlipsgIvzalhvhnsezHITiGksDhjeRIhztilw@.
345,..pRyvhtsOvrikspoRtrzolsOHAvbhnofrdinsentivzthselDesOvrtUDhbAGk!piRIhd!.
346,..WyliknalhjiGDAtphtenShlkamhshvWestjrmhntUhmEkrzcEfhndrWestrnRIstRikShnzpiRIhd!.
347,.!DhlancHAdbinplAnfrrlIrDis?iRbhtWhstgRAbzbyDhspEsEjhnsIhbwtfyvtymzbikhzhvdizy?And@hDrdilEz.
348,.tREvOlAstmhnThgRIdhnpRinshphlthselitsAndlhndWotrtRAnsprtEShnstIvhdoRiGhndpykfAbRhkEShnbiznhshsfrhnhndisklOzz.
349,.HyrintRistREtshvkoRskudbIofset.byHyrinflEShn.
350,..ekhnamikAghnI!kamh@moRDhnRifoRm_kamh@HAzpRadhdpOlhnthletDhRipeRhmAntlUs.piRIhd.
351,.DhRUliGmytinkrhjfrDrindhstRIkhnsalhdEShnkamh@hstElIHOldrsezpiRIhd!.
352,.iHyndDhsImzaRbidrkamhbizhntInbAthlzmoRhvak?htivhvhjamhvrkrrEnaWOldenhshcstEdpRhfeShnz.piRIhd_.
353,.WacinEkhmp?UtrHyfhndRivhnDlEz.trn@RamethlintUhpRhsiZhnpRtkamh_mistr!Endhn.khnsIdzDhRes.piRIhd.
354,.hspOksmhnfrDhnUklIr@RE?hlhToRIkhmiShnsedTRIwndisydidTRIkWalhdiShnhlmadhlzhvitseRyAndyzrzAftr@REdIEShnlIksWrdiskhvrdAtfoRfhsilhdIz.?UziGDOzmadhlz.
355,.DhkantRAktspRhvydhdDAtDIenrjIdipaRtmhntWudkhvrkasts.kamh@plhshnAn?UWhlfUkhmplOzdhvijeRhntIdbEstpEmhnt!AndhprfoRmdrtz.bOnhs.piRIhd!.
356,.DhWrkiGpEprzapShnzfrtAkshndemplYtIbenhfitsinklUdid!DhmhtInDIiksklUmzhndhvimplYrpRhvydidHelTinSuRhns_hndkAfhtseRIhplAnbenhfits.
357,..HIWhzstRifthvHezpaRtItythlzhndstaktwtkamh@Riphn+hpHizlhkUddmembrSipkaRdtifoRDhWEtiGtelhviZhnkAmrhz.
358,.DIhcIDhnhvpRhdhkShngOlznEd@hpfoRtIprsent.thfiftIprsenthvDhbanhs.semhkOlhn_sEfDI?UlesDhntenprsent.piRIhd.
359,..sepRhlImUdIzinvestrzsrvisinkoRprEtid_seditplEstsIesAks.AnditstRAnsprtEShnshbsidIeRIzanRIv?UfrpashbhldwngREd_bikhzhvsIeseksizRIstRhkcriGplAnd!.
360,.!mOshbsrvrznwsEmistrnOvAlIpEdtUmhcfrDhkhmphnIkamh_WicHAdnOYlRizrvzhvits@OnpiRIhd!.
361,.AndshmcEnz.shcezHalhdEkoRprEShn.SeRitsinkoRprEShnAndHyOHOtelzkoRprEShn_inses_DEWhlmEk.plAnIhvRUmzhvElhbhlAt.baRgin@REts.
362,..DhkhnshlthnsnOtisthnhmiShninDhplAnsDhtnIDrDhkhmphnInoRfedRhlReg?hlEtrzHAdspadid_.
363,.bhtAkrzkRedhbilhtIHAzI~ROdhdtUDhpYnt_DAtivdE+pAmAmdiRektrz.OlgitRedOvAkr_DEWOnt!getDOzkhnseShnz.
364,..sOmistrWRiGtelzpIphl?UzfiftI!.
365,.bysepdembrTrtIhTkamhHIHAdREzWhnpYntTRImil?hndalrz!dASsprniGfedRhlmAciGfhndz.dAS_AndikspekstrREztUmil?hndalrzbytUzdEk.piRIhd..
366,.DEHAvbinAnDh?UesinsDIrlInyntInsevhnIzpiRIhd!.
367,..AGgrdlhkUdhfiShlzkhnvInthDeRHykoRttijhjmistrAmrhvlAstshmrpiRIhd.
368,..miktrmhtAnenelaRhdifRhtsEtmhntshvDIYlHyfhnsrvisiz.biznhs.piRIhd..
369,.frmhnseltsmagr!dItsAndbrnIRipoRthdlIjYndDhkRwthbolstRItHwsizkhtiGDeRnyntInEtIsevhnybIemrniGgzesthmht.
370,..sOdUpRezhdenchlkAndiditsREnjiGfrmkemttidikakiskamh_HUsIkshphlithkhlObhniGthDhstwT.
371,..nOfrmdplAntHhzbindivydz_bhtitiz~hndrkhnsidrEShntURIIvDhHOlstRhkShn!.
372,.!?UesekspoRtsROzinhmhnTbhtnatniRlIezmhcezimpoRts.
373,..DhmaRkitstenthmAgnifyDhn?Uz.
374,..sinsIctjInizDhblUpRintfrhpROtInkamhDhdIfAktiznOntUinvalvhpROtInDAthfektsmhshlzpiRIhd!.
375,..kaRstaksRrklOZrtUnoRnhezhvjAn?UeRITrdIfrstkamh_WiDWrdzothmOtrfrpoRts.kamh_hndindhstRIsthttistkhlphblikEShn_kamh_RipoRtiGisevhtIEtHyshddE_shply.piRIhd..
376,.HwevrDIhDrhfiShlzkeRhktryzizmesijAzlethstRyzhntfOnIbilOnIhkwniGoRWIkhnkazkE@hs..
377,.DhgOldkaRdfIWhzlAstinkRIstinseptembrnyntInEtIfoR_tisikstifyvdalrz.frmfiftIdalrz!.
378,.AzsynzhvhstRoGrikanhmIimrjHIAdzloGthmREtsrlyklItidiTHyr_.
379,.DhnekstspriGkamhcaRtrkhmphnIkamh+hnhDrbigindipendhntkamh_endrcAptrilevhnpiRIhd!.
380,..Hwevr+hshgjesthdlEtrinDIaRtikhl+DIimplYrmERispandWiDEWakwt.Andbizkhntin?UWhnshvpE!.
381,.DhlibRhlslostDhphlitikhldhbEtonWeDrthfhndDhkantRhz.piRIhd!.
382,.DhbigSUhzgOiGthdRaphndWIsIDhtREdnhmbr_.
383,.stoRIzhvhleftWiGAftikshvbRithnzlOkhlghvrmhntHAvhpiRdinDhbRitiSpResfrsevRhl?rz..
384,.pap?hlhsmIdiGzAdhRivyvhlistflEbrWiTbAtrzrjiGpIphltUvOtezDEpREd!.
385,.bigrlOnzAtlOrtAksizaRjyiGfiftInTwzhnWrkrzh?iRAnthlIghlyzdpRyvhtsrvisiz.piRIhd!.
386,.bhtbOTkhmphnISudbAtifHAtfRhmhnhptrnenDIYlhnnAcRhlgAsbiznhs.piRIhd.
387,.hndAftrtUvizitsfrmimhgREShnhfiShlzkamh_fyndzhvtUHhndrdfiftIdalrzthtUTwzhndalrzpeRilIghlimhgRhtWhlbIlevIt.piRIhd.
388,.tUdEHIsez.DIAthtUtUts!yvgatmyjRab@hnd?Uvgat?uRIlWIr@.
389,.itmEbIDAtastRhkcrrAndmhlthplisitIhvkoRprEShnzizhnDhmOstifektivfoRDhf?Ucr_.
390,.DhpiGkSIt.hdRhgindhstRItREdletr_RipoRthdDisWIkDAtmrkAdtWenIEtTwzhnAplhkEShnzfrDIOphn!.
391,.AzsynzvrstRoGgrikanhmIimrjkamh@HIAdzkamh_loGHyfhntrm@REtsaRlyklItUdRiftHyr_piRIhd!.
392,.mistrbenitskofrmAndhtoRItAsTiGHAzhntbhnendoRstbyDhWytHws.piRIhd_.
393,.mistrRabrtsinkhnbestbIhndrstednatAzhn?Ufig?rinDhkhnsrvhtivmUvmhnt_bhtAzDIeRhvDhpap?hlhsshndfaDrkaflhn.
394,..EpAkshssIkRrsIhndhgResivniskEmbAktHantedAftrhtprchstkaRkpiRIhd!.
395,.?IldmAnijmhnt.izhnoldbAndfoRkhnsUmrnpRIhd.
396,._frshcgRUprEtkhvrij+implYrzkhntaRjdDhfoRmrWrtnrzAndDeRfAmlIsDIAvRijkasthpRhvydiGDhHelTbenhfits_plhsitUprsentHAdminhstREtivfI!.
397,.DIhDrizDAtWISudHAvDhsrplhsbhlplhn.
398,._DEfil@kamh@ofthnlithlI!kamh@DhkRAksinDhsisthm.piRIhd!.
399,.?UziShnz~aRbIziShnz.
400,..HizkRhdeShlshgjestidDhtDhsOvIetsmydHaRbrmoRintRistindhplhmhsI!DhnRIlistEt.
401,.!bhtifitfElzkamhDhsenitkamh@WichpRUvdDIhmenmhntbyhtUtUWhnmaRjnrlIrDis?iRkamh_WhldRapDhspIdHyfhn@limhtpRhviZhnpiRIhd.
402,.DhgEshndkoRhdoRzrdizyndfrsmalreRkRAst!.
403,.HwshfREzrhgRIdWenzdEthbyHistrHOmzhkoRtsWhnHhndrdtWenIsevhnpYntnynTRImil?hnsIRzSeRzkamh@DhkoRdiGtisiRz.piRIhd!.
404,.DEvlrndhvhbukdistRib?htiditAnhDrbrROkoljesIstRImskrthbwthlithlbYHUcAlhnjiseksizhmbydResiGezhgah@.
405,.bhtskoRzhvsmolrstaksROzhndsevRhlhvDhbigrnASnhlmaRkitsisthmiSUz.mAnhjdgEnzizWel@bikhzhvEkyndWrdfRrmhn!Anhlhst.
406,.bhtitWazhntimIdIhtlIklihfthbilWudAndtEkOvrspek?hlEShn@hbwtdEthnHatshn!.
407,.bhtHIsedinAninrv?UlAsWIkDhtHIkudREzfyvHhnrdmil?hndalrzpRitIfAsthprsUhnAkWhziSh!.
408,.!IdrlOnzAnlOrtAksizaRdRoiGfiftInTwzhnWrkrzh?iRintUlIghlyzpRyvhtsrvishz.piRIhd.
409,.pAnwnizkliRlIbAGkiGaRgitiGDOzkhnsiShnzDis?iR@hndigze?htivAthmhDrelynsez.
410,.DhbiginiGhvenIshlUShnitfoRRanhldREghntUlukhnDhmiRr_AndhdmitDhtDisWhzhmhtstEt.piRIhd.
411,.bRitiShplyhnsmEkrzHAvloskRwntthkaRthnenhl?uRhpIhnzUhvidstAbliStrRetitEShnfoRdizynhndkWalhtIstAndrdz!.
412,.jenrAlIhfiShlzWrthmIitlIhvElhbhlfrkamentpiRIhd.
413,..ifDIsevhndinynfrsAmrti?UzOnlIWhndhzhnWrmzanevRItRApkamh@DEWud?UzolmOsttendil?hnWrRmzevRI?iR_piRIhd_.
414,..HIhthDr?UesendhstRIlIdrzinsestkamh@DOkamh_DAtimpoRtSudbIshbjekttiDhsEmdigRIhvskRUtlIpiRIhd!.
415,.HyrintRistREtskamh@hvkoRtskamh_kudbIofsetbyHyrinklEShnpiRIhd!.
416,..HIosOsez.DIhToRedIzmInWhtDEsE~DhtDEWhlnatstAndisydidletkrhnsIzRIctn?UlOzpOstilekShn.
417,.mistrsimhnskudhnhmiIlIbIRIcttfrkament!.
418,..AtlIsttUHhnrdEtITwzhndnwfiksTiGzanDeRwn.piRIhd_.
419,.+EspOksmhnfrDhnUklIrReg?hlhtoRIkhmiShnzedTRIem+disydidtURikolhdiSnhlmadhlzhvitseR@yhnyzrz_AftrREdIEShnlIksWrdiskhvrdAtfoRfhsilhtIz?UziGDOzmadhlz.piRIhd!.
420,..AnEesEskejUldzhbilonchvDispESAthldiskhvrIfrseptembrtWenInynT_.
421,.DIadIOin@othmObIlindhstRIzaRntdIOlIWhnsetHAvletrlIhdvAnijizinteknalhjIoRdizyndslhphWE.piRIhd_.
422,.michlHeld@hndikanhmistitsniTbaRnIHeRishphmAndkhmphnI!TiGksmistrgRInspAnWontstiistAbliSHizkRidenchlzAzhninflEShnfytr_.
423,..AndDhpResekRhteRItiDhministrhfkhm?UnhkEShnzhninfrmEShnHAzRispandittinUmrhskRitisizhmz.
424,.mU?aRghnhzEShnWrnhlwUcigzistiGkamhnSeRthbIkhnvrtiduRIhTrdIHysendEtpiRIhd.inthtUpYntsevhnfyvklAsESeRz.piRIhd..
425,.!?etDhbhndispOst.izbendiG@hvrbAkWotikhmplyWiT?UesdimwntsfrmoRAkses.piRIhd.
426,.AsetsmynhstlyhbilhtIz.ikspResteshprsenijhvtOthllyhbilhtIz.
427,.!DeRrAvRij~esthmhtSOzDIikanhmEikspAndiG.AtETRIpYntWhn.prsentAn?UhlREtilhjhly_Hyfhn.tU~Hyfhn.septembrpiRIhd_kamh@AfstrhjhstiGfoRinflEShn.piRIhd.
428,.mistrkalinzlrnDhthnOhnzkoRniGdiviZhnWhzRidUsiGitsstAf_hndWudnIdwtsydHelpthbRhdUshnd?Uzletr_.
429,.!DismInzDAtfrmistr.dhp.bhthdedItUhkRIsHizstEkbyfiftInprsent_membrzhvmistrlyshnsgRUpWudHAvtishltiHim!.
430,.stRoGgrpamYlpRyshzHelptYlpRysizfrm!Anhlhssed..
431,.DhnAsdAkkhmpazhtindedikshvfoRTwzhnsiksHhnrdTrdIEtstaks.klOzdAt.TRIHhnrdsevhnIfoRpYnt.siksfy_dwnziROpYntWhnsiks.
432,..bhtDeRzhntAdlIsydtUWhtsgYnatinlOkhlghvrmhntDAtdizevzklOzDrRhtenShn!.
433,..AsWiTDhResthvDhRUcImHwevr.DeRydIalhjIbikEmkhntAmhnEtid.byDhtrmhvkrhpShn!.
434,.nadOnlIdidDhkantRAktsindethnhfyDhWepmhnznAninfAkcrrzkamh_DEolsOkhntEndinsenthvkazizDAtRIWoRdhdpRhdhkShnWiTwtRIgaRdtUDIinvyRhtnht.kamh.sEftI!AndHelT.piRIhd.
435,.pIRefbeRIIsiksIdzmistrkhniRinWaSiGthneDhvyspRezhdent!.
436,.kWIkf?UcrzWrshpoRthdbykhnsrnDAtWIkmEbIvOlmrhbhl.ifkOldsmApsfalODispAstWIkendzWoRmT.Anhlhssed.
437,.HizembIEolsOrkshmkalIgzHUrkudtempSUhshvfoRhnkanseps.hspeSlIDOzDhtmEkDhmWrkHaRdr_.
438,.DhdRapWhzdistoRhvDhdElIprmithdlivhAzTrdIsenshbuShl.piRIhd.
439,..tREddefhsitsWIkinDhdalr+AzDEdidlAstWIk!hndinhSoRtRhnhWIkrdalrmInzmoRHAlpfrikspaRts!.
440,.sOfynhlI_DhWrInU?oRkrHAdezblhdtesthdfoRevhthnshvDIEjvyRhs!.
441,.pEnWebrzmizmhglEdsethspeShlpRIlOShnbUstid?iRrlIrsElzsignifikhntlImEkhnitHaRdtUhcIhvgEnzinDhlEthstpiRIhd_.
442,.DEnOtidDAtkhnsUmrzmEHAvstepthpDeRprcisizlAstmhnTinoRdrtibIEbhltididhkthDhsElztAksanDeRnyntInEtIsikstAksRitrnz.piRIhd.
443,.DhstEtghvrmhntignalijhttAkspErzkudlUzizmhcezWhnHhnrdmil?hnostREl?hndalrzOvrRwTWelz.piRIhd!.
444,.mhskElrdistRhfIHhzbAfhlsytsistevrsUtzjIEbIdUkEG.frstRekhgnyzDhdisoRtrhnWhnTwzhv+EtHhndrd.
445,.DhkasthvAnhmhlz?UzdinRIsrtsRepRizentsOnlIWhnprsenttitUprsenthvtOthlkastiI.
446,.DhtRysbymakhsOnI~kEmdAftrDhfoRmrfynAnsminhstrAndHiztURyvhlzWrdedlAktOvrHUSudbInEnpRezhdent.hvDh@RUliGhlibRhldhnhkRAtik.paRtht.
447,..WIjistgethgudsyndhndDAtmyRkitWhlRIspand+.
448,.seprtlIkamh@mUnIzinvestrzsrRisinkoRprEtid.seditplEstsIesAksAnditstRAsprtEShnzshbsidIeRIz_ontRIv?UlfrpashbhldwngREdbikhzhvsIesekshz~RistRhkcriGplAn.piRIhd!.
449,.HIsedHIWudRIOphnnASnhlhsemplIdhbEtankansthtUShnhlRIviZhnkamh_WicinEpROHIetshspendidinthl@AftrDhnyntInEtIEthlimpiks.piRIhd!.
450,.?IldmAnijmhntizitolbAtfrkhnsUmrz.piRIhd!.
451,.AtHOmDhprmhnhntsekRhteRIhvDhministRIhvkhm?UnhkEShnzhninfrmEShnHAzRIm?UptDIhmeRhkhnbizniskwlstpiRIh.
452,.nwDeRdiWytidtUHAvkantRhshpoRtrzdRygTRUDhmoAfshvDhlIghlsisthm.piRIhd.
453,.bhtskoRzhvsmolrstaksROzkamhAndsevRhlhvDhbigrnASnhlmaRkitsisthmiSUzmAnijgEnzezWelkamhbikhzhvhkyndWrdfrmhnAnhlhstpiRIhd!.
454,.HIAnhDr?UesindhstRIlItrzhndsistsO_DAtimpoRtSudbIshbdekttUDhsEmdigRI!.
455,.sIbw@hgRIdtURemhdIDIOvrsyt_.
456,.nyDrdidbAlgRiphfiShlzAtlendhn.piRIhd!.
457,.mistrbIzlInwsezHIsotDIhkwnikcEnjizbikhzWiDwt.DhmitWhzkliRDhtsinrlIgrWiWudnUtAkspeRmhnI!.
458,.shcjabzrsInAzDhplhmhvDIindhstRItbikhzhvmeksikstensivlynhvpRadhks.
459,.koRinfrdisembrdilivrIklOzdAttUdalrzinEtIfoRsenshbuShlkamh_dwnsikspYntfyvsenshbuShl.piRIhd!.
460,..ifDhsOvIetsdisydicEnjdDhnEcrhvDhmiShn_DenwHAvDhRytgyHiR.sezDIizRElIhfiShl.
461,.EjIedWrts.ezitofhnHAzdriGDhpAst?iR_DhsEntlUisfRhmSOdhpitsnynU?oRkhmpetitrzinDhlEthsth!.
462,..DhpylhthnhmeRhkhnhndtUhDrzhboRddydidAyhm.
463,.nw@kamh@DhsoRshsE!kamh@mistrlindnrizkhnsidriGmEkiGHiz@OnbidoRjYniGWiThnhDrSeRHOldroRgRUphlvSeRHOldrzanhbid.piRIhd.
464,..AtDhsEmtymkamh.hgResivikspAnShnhbRodHAzmEdDhmOstsWifshvsWisbAGks!hglObhlklEr_piRIhd!.
465,.WylignalhjiGDAtphtenchlkamh@shmWestjrmhntUhlmEkrz.cEf+hndrWestrnRistRikShnz.piRIhd!.
466,..Hwevr+inlythvDhstEksoRedIHeldbyDhveRIhsfAkShnz_OnlIhbwttenprsent.hvjenrhl@di@@beljIks~SeRz~hpiRtibIhvilhbhlanDhmaRkit..
467,.ifsODhninkRIsiGhkasthRIzrcAnhmhlSudAkSlIRIdUstDhbilDhphblikpEzfrAnhmhlRIsrc!.
468,..HIHAdbinsInrvyspRezhdenthWaSiGthnaprEShnzfrDhdifenskantRA_.
469,.DhWrIzaRhvtUkynd.
470,.IvinDhstEtHyrzpRyvhtRIpeRmhn.piRIhd!.
471,.DhbywtplAnizkhntenShnt+anAlhgEnIRisIviGDAtWEvr.piRIhd_.
472,.izemdIEolsOWrikshmkalIzUrkhntempsrhshfoRhnkanseps_hspeSlIDOzDhtmEksrmWrkt@.
473,.DhspOksmhnsedHIdidhnprshnlIintrphtDhmUvezhgResivkamh.nOtiGnetDI.tUgRUpsHAvHAdhloGpiRIhdhfRentlIRIlEShnzpiRIhd.
474,.AndDEbalkhtDIhpROc?UzdinmIthnphltrIplAntsdASkhntin?UshnspekShnhvpRhdhkShnlynzpiRIhd!.
475,.DhkhmbyndbiznhshzhkwnhdfrtUHhndrdTrdIfyvmil?hndalrzhvdREvOz~EtHhndrdnyntITRImil?hndalrzinnyntInEtIfyvkRephn?U.
476,.!DijitAkhnkoRprEthdzshpoRtrz.kudhnkhntEndDhmswlvz.piRIhd.
477,..nwkamh.WhtevrDeRdRobAkshnRIllyf!kamh_WimpsinfikShnaRnatnhshseRhlIbAdTiGzpiRIhd!.
478,..WiTTrdImil?hntelhfOndzkamh+WestjrmhnIReGksbIyndOnlIDI?UesAndjAphnIzfanmaRgits.piRIhd_.
479,.inmEkamh@hfedRhlkoRtdismisthnenItRhstsUthgenstaRcHrHyfhndAn?hlz.stemiGfrmitsnyntInEtItUhgRImhntthlIshdiSnhlkoRtHyfhnmiliGplAnts.piRIhd..
480,.edWitstensizshlAkDhstakshvRelthvWizmoRkhmphnIz.olsOnatWydlIfolOdanWolstRIt.DhdbItRhdiShnhlvAl?UkRytiRIh!.
481,..DisizhspeShlItRUinDhWrkhv.bRitiShnavhlistskamh_AndIvinkamh@pRIvIhslIkamh.AndDhWrkHAvWil?hmbYd.piRIhd.
482,..ifDIizsevhntInynprsentWrt?Uz~OnlIWhndhzhnhWyRnzanevRItRekkamh_DEWud?UzolmOsttenbil?hnWrnzevRI?iR!piRIhd!.
483,.itizEphniSiGkamhAndofhndishpYniGikspiRIhnspiRIhd!.
484,hfitDIhmendmhntpAsizkamh@itWhlbIinkoRprEtidinthDhHyWElejhslEShn!piRIhd_.
485,.hbwtWhnpYntfyv!bil?hndalrzhv.det.izhndrRIv?U.piRIhd!.
486,.DhtrniGpYntkEminnyntInsevhnIEtkamhWinDhflEmzWhnikAstlik?UzoRghnhzEShncApIhnSippiRIhd!.
487,._dhzhnzhvshksesfhlbUznismenHAvswnHaRtbREkinWoSiGthnkamh_hmedIvDhmHAzmEdmistEksimhlrtidon@RIghnz.piRIhd!.
488,._dhbhlkWOt.WhteRhtEtsmE!kamh@dhbhlkWOt.sezmistrRId!kamh@dhbhlkWOt_izDAtWIdidnhpOzdDhbrliGthnnoRDrnmrjrz.piRIhd.
489,.DeRaRindhkEShnzDhtsElzrslOiGdwnbhtkhnsUmrkReditsrsdhpWrdinh.
490,.mIstRadhnrzsEDhtDIrzfEt+izsIld@.
491,.DhstEtghvrmhntsinSuRhnsaRmhnvhstEtHyfhnOndbAGkolsOHAvinvesmhntsinRwTWelziksIdiGWhnHhnrdmil?hnostREl?hndalrzpiRIhd.
492,.WiTTrdImil?hntelhfOndzkamh_WestjrmhnIRAGksbiHydOnlIDI?UeshnddAphnIzfOnmaRkits.
493,.Dhn?UceRmhnnOzDAtizhlitikhlkhnekShnzmEkshmmaRkitpaRtishphnshspiShsDAtHIWhltRAthstim?hlEtDIikanhmItiHelpjIOpIkAndhdEtsnekst?iR_.
494,..nwsIbEztRyGtUmEkhmenz.
495,..AtfoRn?rzOld.mistrWEiGizRehlthvlhl?hGfrizjab.AndDAthpsetskalrdigzHUaR?UzdtUhgRAjUWlpRhmOShnsisthmbEstanpiRd.
496,.DhstEtcEmbrhvkamrskamhWicWhnsbAktsikstIEtkamh@sWictOvrtisevhnITRIhbwttUmhnTshgO.piRIhd!.
497,..WrsIiGhRispansinrytdRekShn_bhtitskliRlItemprtbynAcRhlkhnsrvhtizhRytnw@.
498,.inenIkEsDeRaRpRablhmzWiTDhspUtztRAnziShnTIshs.
499,.@RiG~HyfhnlItrzaRntshmmeRhlIsyrd.piRIhd.
500,.DIAvRijmaRkitdiklynfrDhsebshkhntkoRtrinDOzkEshz.Whzhbwtsevhnprsent.piRIhd!.
501,..EHwshfREzrspOksmhndidhnRItrnfhnkaz?estrdE.piRIhd.
502,.hmhG~DhmEjrAsets.kamh@tenhkOz~endrjiRizrvzkudbIWrThbwtfyvbil?hndalrz.kamh_mistrgEnz.TiGks.
503,..mistrbandkud?UzDhloGRO@HOldiGtUigzrtAndflUhnsanitsbiznhs.piRIhd_.
504,.AbItOzhvkOlhn.hpoRtfOlIhstRAtijistAtjekshlbrhlAmbrt.sezDhlAsinhbu?hntRIAkShnWhzhntyrlIhndkIpiGWiTDhnUlUdanWolstRI!.
505,.fy+DIl~in?rzfrmnwDhsenWhlslOlIslahDIrThnH?Ujfyrbol@.
506,..kRisthnSoRtsHyfhnSeliGkamh@DhpOsthlministr!kamh_bRisilzAtshgjesthnzDhtshckRitisizhmledtiDhdisiZhntidismAnthlDhmhdaplI.piRIhd.
507,.dhbhlkWOt+DEHAvhsedDIintendtUREslrstEkenIfrDrkamh@dhbhlkWOtHIsed.piRIhd.
508,..frtWentIminhtskamhDhtUgRUpsfEst@offrmaphzhtsydtUDhstRItkamh_AzhHAnfhlhvtelhiZhnkRUzinfoRhnjrnhlistsRrkoRdidDhsIn.piRIhd!.
509,.TRhsts.mhstnEntEnhllevhlhvnetWrsDhtiziklIstTRIprsenthvDeRlyrhbilhtIz.
510,..itinvydhgRezidhntstijYnhkhmitItieRDeRgRydshgenstDhkhmphnIhnddiskhsshlUShnz.
511,..sOmistRWEntelzpIphlHIisfRerz.
512,.!mIntymkamh@mistrmhkaRTIizRiplEsiGkI?UnhnhfiShlzkamh_inklUdiGitsjenrhlkwnshlhndsevnigOSIEtrz_piRIhd_.
513,.dhbhlkWOt_WimhnlukitWhtshvElhbhlinDhstoRzhndsE.kOlhnsiGkhlkWOtHEkamh@DisstoRluksigzAktlIlykmyklazht!piRIhd.
514,.inRIshnt?rzHIhzinvestiditjIEefkoRprEShnAndDhWIzIAnhlAnhndeksprEShnkhmphnI.hmhG@hDrzWiDwtbidiGtUhkWyrDhm.
515,..itinvytid+RezidhntstijYnhkhmitItieRDeRhgRypshgenstDhkhmphnI!AndtiskhsshlUShnz.
516,.menIWontthstoRmhtAGkhndtEkhtOvpIz.
517,..mistr+ezIzhfoRmriGgliStItjr_izhdhpthtDhlivriGstREttokWizdiplhmAtiksmylzAtsofhnDhHaRSnhshvezWrdz.
518,.AnddipaRtmhnthvHwlThn?UmhnsrvisizhfiShlzHhvspOkhnhgenstmAndhtoRItestiG_kamh_hkWIdintijEmzbRwndkamh@hspOksmhn_frDhphblikHelTsrvhs.piRIhd_.
519,.koRntf?UcrzRrsIvdshmstReGT!onikspektEShnAtDIAgRhkhlcrdipaRtmhntWudREdzsOvIhtimpoRtfoRkAsts_Anhlhs.
520,.DAtWudbIwtfrmElhTaRjikWhnpYntsevhnprsentpEzesthmEthdfrDiskWoRtr.piRIhd.
521,.dhbhlkWOt_dOnhndresthmEthskamhdhbhlkWOt.siznAmjEHI!kamh_DhceRmhnhvDhdhbhkRAtikjhstispaRtIzpalhsIkhmitI.piRIhd.
522,..mistrHOmzhkoRthsedHIplAnztURIvIhvhsthkcrhbAlgRht.~.
